name,exp,last update
Cado,180603478,2026-01-05 09:33:00
Jow Returns,138006696,2026-01-05 09:33:00
Galo Bagual,131222436,2026-01-05 09:33:00
Japa Patrocina,139769252,2026-01-05 09:33:00
Bolacha Revoltado,100770788,2026-01-05 09:33:00
Japa Knk,80962928,2026-01-05 09:33:00
Eu Queridinho Ofc,83526258,2026-01-05 09:33:00
Toxic Keiber,62329870,2026-01-05 09:33:00
Dgzikk Vidarasa,64160729,2026-01-05 09:33:00
Bolerin Ed,64744473,2026-01-05 09:33:00
Luan Meu Soberano,34513489,2026-01-05 09:33:00
Menezes Doctor,46242851,2026-01-05 09:33:00
Newzor,31913321,2026-01-05 09:33:00
King Guszerah,58593092,2026-01-05 09:33:00
Legend Mgl,28691519,2026-01-05 09:33:00
Lucky Luciano,44094622,2026-01-05 09:33:00
Kit Maclaud,96113117,2026-01-05 09:33:00
Opalao Seis Caneco,80035129,2026-01-05 09:33:00
Rollabostx,38280194,2026-01-05 09:33:00
Puf Daddy,28730620,2026-01-05 09:33:00
Majinzord,21963357,2026-01-05 09:33:00
Arthex Magoo,21903336,2026-01-05 09:33:00
King Bolt,47881201,2026-01-05 09:33:00
Dutra Sempai,26580857,2026-01-05 09:33:00
Billowsz Inabalavel,21042504,2026-01-05 09:33:00
Bielzin Djokovic,21156665,2026-01-05 09:33:00
Sasha Warwin,24305855,2026-01-05 09:33:00
Profix,24825030,2026-01-05 09:33:00
Braga Joga Facil,36597242,2026-01-05 09:33:00
Sra Luly,18705646,2026-01-05 09:33:00
Squashzin,23161626,2026-01-05 09:33:00
Zoro Rei Delass,32562899,2026-01-05 09:33:00
Evul the Slayer,18193490,2026-01-05 09:33:00
Garbo Pushmax,17527140,2026-01-05 09:33:00
Feeh Arrogante,46311233,2026-01-05 09:33:00
Geremias Coins,29398049,2026-01-05 09:33:00
Retinha,48790538,2026-01-05 09:33:00
Duhzerah Desassombrado,15185681,2026-01-05 09:33:00
Riokidsz,26063962,2026-01-05 09:33:00
Bryaan Oconner,26353134,2026-01-05 09:33:00
Tafa Camisa Dez,14099265,2026-01-05 09:33:00
Bolerin Patrocina,21247898,2026-01-05 09:33:00
Sanguine Freneticow Patrocina,12572895,2026-01-05 09:33:00
Luukinhaz,11794531,2026-01-05 09:33:00
Spankox,11757724,2026-01-05 09:33:00
Krysfal,22658874,2026-01-05 09:33:00
Walterino,40233593,2026-01-05 09:33:00
Banzay Mage,11442518,2026-01-05 09:33:00
Primo Tdah,11238826,2026-01-05 09:33:00
El Lagartin,27098225,2026-01-05 09:33:00
Gui Tacadordepalito,9421628,2026-01-05 09:33:00
Babalu Opressor,32441330,2026-01-05 09:33:00
Sante Bloker,15812941,2026-01-05 09:33:00
Gabs Krazy,8347839,2026-01-05 09:33:00
Foxzinhow,18578987,2026-01-05 09:33:00
Edgar Skyshot,13569072,2026-01-05 09:33:00
Volkov Kali Warmode,10187558,2026-01-05 09:33:00
Gtmzin batefofo,7896870,2026-01-05 09:33:00
Babuxo,41139119,2026-01-05 09:33:00
Filhao Freneticow,18868884,2026-01-05 09:33:00
Bed Lucky In Auroria,7442512,2026-01-05 09:33:00
Hurizinho Da Massa,6001701,2026-01-05 09:33:00
Mystic Ydrl,74528421,2026-01-05 09:33:00
Wizard On Venturia,5534602,2026-01-05 09:33:00
Blackzinho ignorante,17096485,2026-01-05 09:33:00
Thpvp on Auroria,18754505,2026-01-05 09:33:00
Tauansz,5405005,2026-01-05 09:33:00
Fawkes Void,5008580,2026-01-05 09:33:00
Awakened,112497956,2026-01-05 09:33:00
Mitira Mitira,5149230,2026-01-05 09:33:00
Pinel,61627999,2026-01-05 09:33:00
Chines Da Shopee,4970910,2026-01-05 09:33:00
Pawk Aran,7352610,2026-01-05 09:33:00
King Bueno,29694558,2026-01-05 09:33:00
Yemairetv,4651966,2026-01-05 09:33:00
Tunado Gucci,4517237,2026-01-05 09:33:00
Oeukaiou,4408180,2026-01-05 09:33:00
Thimaguin,4366851,2026-01-05 09:33:00
Vicky Digarista,4287045,2026-01-05 09:33:00
Ladino Pa,9121143,2026-01-05 09:33:00
Luna Torvi,13419560,2026-01-05 09:33:00
Somelier de goticas,4252900,2026-01-05 09:33:00
Phyzikzinn,4223624,2026-01-05 09:33:00
Dark Spectral,8234181,2026-01-05 09:33:00
Flautista Curandeiro,4030450,2026-01-05 09:33:00
King Shk,29510187,2026-01-05 09:33:00
Blind Cansado,7870153,2026-01-05 09:33:00
Tanker Freneticow,3733478,2026-01-05 09:33:00
Nmnmnmnmnmnmnmnmnn Luan,3555820,2026-01-05 09:33:00
Yurao Rubinot,3138895,2026-01-05 09:33:00
Rushian Peaky Blinders,10516066,2026-01-05 09:33:00
Boxxy,33881579,2026-01-05 09:33:00
Paimo Cansado,2948131,2026-01-05 09:33:00
Maledita,2921723,2026-01-05 09:33:00
Tafa Panqmeuqueixo,2908433,2026-01-05 09:33:00
Augusto Lowsby,3512016,2026-01-05 09:33:00
Yurihh,52637812,2026-01-05 09:33:00
Hurizinho Neverlose,4872414,2026-01-05 09:33:00
Carnackhoo,2704508,2026-01-05 09:33:00
Rodis Druid,2867075,2026-01-05 09:33:00
Gusta Brabao,2630209,2026-01-05 09:33:00
Buxo de Lombriga,2566146,2026-01-05 09:33:00
Runando Gfb,2563177,2026-01-05 09:33:00
Mystic Keme,11994504,2026-01-05 09:33:00
King Pedrao,2524823,2026-01-05 09:33:00
Maia Brigaum,3343340,2026-01-05 09:33:00
Morena Arretada,7291262,2026-01-05 09:33:00
Robsons,2462330,2026-01-05 09:33:00
Weed Palla,2458443,2026-01-05 09:33:00
Ci Crope,2400553,2026-01-05 09:33:00
Naoseicurar,2389846,2026-01-05 09:33:00
Ninetails,2380825,2026-01-05 09:33:00
Boyzeera,1957410,2026-01-05 09:33:00
Teuzin Supremo,1946790,2026-01-05 09:33:00
Azkorath,1946580,2026-01-05 09:33:00
Shaka bolado,1962407,2026-01-05 09:33:00
Tutu Show,1742104,2026-01-05 09:33:00
Royal Kyron Slash,6789241,2026-01-05 09:33:00
Knight Forte,1587129,2026-01-05 09:33:00
Danziin Psico,1304040,2026-01-05 09:33:00
Grael,804253,2026-01-05 09:33:00
Clacixim,163295,2026-01-05 09:33:00
Paladinosz,3417871,2026-01-05 09:33:00
Tks,30,2026-01-05 09:33:00
Asnarus,3075877,2026-01-05 09:33:00
Lukao Bala Tensa,2223942,2026-01-05 09:33:00
Matheus Rush,32758967,2026-01-05 09:33:00
Lilith the Sorc,5252572,2026-01-05 09:33:00
Felix Cafe,7129854,2026-01-05 09:33:00
Tiago Uso Libidgel,2865343,2026-01-05 09:33:00
Pally Loka,40262980,2026-01-05 09:33:00
Ressaca Semagua,7799973,2026-01-05 09:33:00
Caandy,76629120,2026-01-05 09:33:00
Bituca Iscariotes,2463478,2026-01-05 09:33:00
Toxic Keiberzim,2086640,2026-01-05 09:33:00
Sasha Lovewar,3312800,2026-01-05 09:33:00
Oligonzord,5040513,2026-01-05 09:33:00
Gonlee Tank,19572786,2026-01-05 09:33:00
Gui Nightwalker,6344964,2026-01-05 09:33:00
Dzarm Helper,17225739,2026-01-05 09:33:00
Don Niiegos,6093475,2026-01-05 09:33:00
Sparkyz,5900924,2026-01-05 09:33:00
Mattheuzim,23883924,2026-01-05 09:33:00
Akilles Tenente,4956010,2026-01-05 09:33:00
Boyzzera,2993228,2026-01-05 09:33:00
Mariano Fegolexpatrocina,2920018,2026-01-05 09:33:00
Bizari Peaky Blinders,2856071,2026-01-05 09:33:00
Tenebrous Original,110592226,2026-01-05 09:33:00
Pinel Off Maia,94856814,2026-01-05 09:33:00
Druid Airos,5556351,2026-01-05 09:33:00
Batman Arman Tsarukyan,16306698,2026-01-05 09:33:00
Ceraatti Cansado,5265440,2026-01-05 09:33:00
Vis Hur Oldschool,93019011,2026-01-05 09:33:00
Wokinzao Soco Forte,23214063,2026-01-05 09:33:00
Surrealz Relajado,14380521,2026-01-05 09:33:00
King Cadown,15699892,2026-01-05 09:33:00
Broly Super Saiyan,4338637,2026-01-05 09:33:00
Punch linch,15683963,2026-01-05 09:33:00
Monk Winxaster,17286663,2026-01-05 09:33:00
Dutra Sempaii,3823717,2026-01-05 09:33:00
Andy Paladinho,4977224,2026-01-05 09:33:00
Almirante Perna de Pau,4752138,2026-01-05 09:33:00
